,n_trees,max_depth,n_estimators,subportion,n_samples,n_runs,mean_prediction,variance_prediction
0,20,3,30,0.5,30,10,"tf.Tensor(
[[-5.4292385e-03]
 [-5.4292385e-03]
 [-5.4292385e-03]
 ...
 [ 9.7378969e+00]
 [ 9.7378969e+00]
 [ 9.7378969e+00]], shape=(1700, 1), dtype=float32)","tf.Tensor(
[[0.14342149]
 [0.14342149]
 [0.14342149]
 ...
 [0.43777272]
 [0.43777272]
 [0.43777272]], shape=(1700, 1), dtype=float32)"
1,20,3,30,0.5,15,10,"tf.Tensor(
[[3.9981757e-03]
 [3.9981757e-03]
 [3.9981757e-03]
 ...
 [9.7918053e+00]
 [9.7918053e+00]
 [9.7918053e+00]], shape=(1700, 1), dtype=float32)","tf.Tensor(
[[0.1482485]
 [0.1482485]
 [0.1482485]
 ...
 [0.5088332]
 [0.5088332]
 [0.5088332]], shape=(1700, 1), dtype=float32)"
2,20,3,30,0.5,10,10,"tf.Tensor(
[[0.03480231]
 [0.03480231]
 [0.03480231]
 ...
 [9.9509115 ]
 [9.9509115 ]
 [9.9509115 ]], shape=(1700, 1), dtype=float32)","tf.Tensor(
[[0.12307968]
 [0.12307968]
 [0.12307968]
 ...
 [0.50141835]
 [0.50141835]
 [0.50141835]], shape=(1700, 1), dtype=float32)"
3,20,3,30,0.5,30,20,"tf.Tensor(
[[-0.01422982]
 [-0.01422982]
 [-0.01422982]
 ...
 [ 9.865459  ]
 [ 9.865459  ]
 [ 9.865459  ]], shape=(1700, 1), dtype=float32)","tf.Tensor(
[[0.12723479]
 [0.12723479]
 [0.12723479]
 ...
 [0.38084802]
 [0.38084802]
 [0.38084802]], shape=(1700, 1), dtype=float32)"
4,20,3,30,0.5,15,20,"tf.Tensor(
[[5.8581005e-03]
 [5.8581005e-03]
 [5.8581005e-03]
 ...
 [9.5586510e+00]
 [9.5586510e+00]
 [9.5586510e+00]], shape=(1700, 1), dtype=float32)","tf.Tensor(
[[0.10905865]
 [0.10905865]
 [0.10905865]
 ...
 [0.4576737 ]
 [0.4576737 ]
 [0.4576737 ]], shape=(1700, 1), dtype=float32)"
5,20,3,30,0.5,10,20,"tf.Tensor(
[[0.01253704]
 [0.01253704]
 [0.01253704]
 ...
 [9.751583  ]
 [9.751583  ]
 [9.751583  ]], shape=(1700, 1), dtype=float32)","tf.Tensor(
[[0.1151682]
 [0.1151682]
 [0.1151682]
 ...
 [0.564666 ]
 [0.564666 ]
 [0.564666 ]], shape=(1700, 1), dtype=float32)"
6,20,3,30,0.5,30,35,"tf.Tensor(
[[-7.576231e-04]
 [-7.576231e-04]
 [-7.576231e-04]
 ...
 [ 9.775282e+00]
 [ 9.775282e+00]
 [ 9.775282e+00]], shape=(1700, 1), dtype=float32)","tf.Tensor(
[[0.13850614]
 [0.13850614]
 [0.13850614]
 ...
 [0.37742642]
 [0.37742642]
 [0.37742642]], shape=(1700, 1), dtype=float32)"
7,20,3,30,0.5,15,35,"tf.Tensor(
[[0.05681354]
 [0.05681354]
 [0.05681354]
 ...
 [9.839748  ]
 [9.839748  ]
 [9.839748  ]], shape=(1700, 1), dtype=float32)","tf.Tensor(
[[0.1343896]
 [0.1343896]
 [0.1343896]
 ...
 [0.3531063]
 [0.3531063]
 [0.3531063]], shape=(1700, 1), dtype=float32)"
8,20,3,30,0.5,10,35,"tf.Tensor(
[[0.01156088]
 [0.01156088]
 [0.01156088]
 ...
 [9.735703  ]
 [9.735703  ]
 [9.735703  ]], shape=(1700, 1), dtype=float32)","tf.Tensor(
[[0.1365601]
 [0.1365601]
 [0.1365601]
 ...
 [0.383519 ]
 [0.383519 ]
 [0.383519 ]], shape=(1700, 1), dtype=float32)"
9,20,3,30,0.7,30,10,"tf.Tensor(
[[0.07370197]
 [0.07370197]
 [0.07370197]
 ...
 [9.885736  ]
 [9.885736  ]
 [9.885736  ]], shape=(1700, 1), dtype=float32)","tf.Tensor(
[[0.07803187]
 [0.07803187]
 [0.07803187]
 ...
 [0.25971553]
 [0.25971553]
 [0.25971553]], shape=(1700, 1), dtype=float32)"
10,20,3,30,0.7,15,10,"tf.Tensor(
[[0.03320735]
 [0.03320735]
 [0.03320735]
 ...
 [9.960632  ]
 [9.960632  ]
 [9.960632  ]], shape=(1700, 1), dtype=float32)","tf.Tensor(
[[0.11089601]
 [0.11089601]
 [0.11089601]
 ...
 [0.29184178]
 [0.29184178]
 [0.29184178]], shape=(1700, 1), dtype=float32)"
11,20,3,30,0.7,10,10,"tf.Tensor(
[[0.02014842]
 [0.02014842]
 [0.02014842]
 ...
 [9.864685  ]
 [9.864685  ]
 [9.864685  ]], shape=(1700, 1), dtype=float32)","tf.Tensor(
[[0.11890369]
 [0.11890369]
 [0.11890369]
 ...
 [0.28649974]
 [0.28649974]
 [0.28649974]], shape=(1700, 1), dtype=float32)"
12,20,3,30,0.7,30,20,"tf.Tensor(
[[0.05535524]
 [0.05535524]
 [0.05535524]
 ...
 [9.976431  ]
 [9.976431  ]
 [9.976431  ]], shape=(1700, 1), dtype=float32)","tf.Tensor(
[[0.10046384]
 [0.10046384]
 [0.10046384]
 ...
 [0.2082516 ]
 [0.2082516 ]
 [0.2082516 ]], shape=(1700, 1), dtype=float32)"
13,20,3,30,0.7,15,20,"tf.Tensor(
[[0.05131435]
 [0.05131435]
 [0.05131435]
 ...
 [9.900339  ]
 [9.900339  ]
 [9.900339  ]], shape=(1700, 1), dtype=float32)","tf.Tensor(
[[0.09440123]
 [0.09440123]
 [0.09440123]
 ...
 [0.23950422]
 [0.23950422]
 [0.23950422]], shape=(1700, 1), dtype=float32)"
14,20,3,30,0.7,10,20,"tf.Tensor(
[[0.05302724]
 [0.05302724]
 [0.05302724]
 ...
 [9.916521  ]
 [9.916521  ]
 [9.916521  ]], shape=(1700, 1), dtype=float32)","tf.Tensor(
[[0.09901623]
 [0.09901623]
 [0.09901623]
 ...
 [0.25060603]
 [0.25060603]
 [0.25060603]], shape=(1700, 1), dtype=float32)"
15,20,3,30,0.7,30,35,"tf.Tensor(
[[0.04496286]
 [0.04496286]
 [0.04496286]
 ...
 [9.930338  ]
 [9.930338  ]
 [9.930338  ]], shape=(1700, 1), dtype=float32)","tf.Tensor(
[[0.08502508]
 [0.08502508]
 [0.08502508]
 ...
 [0.3003482 ]
 [0.3003482 ]
 [0.3003482 ]], shape=(1700, 1), dtype=float32)"
16,20,3,30,0.7,15,35,"tf.Tensor(
[[0.04528257]
 [0.04528257]
 [0.04528257]
 ...
 [9.948904  ]
 [9.948904  ]
 [9.948904  ]], shape=(1700, 1), dtype=float32)","tf.Tensor(
[[0.10250748]
 [0.10250748]
 [0.10250748]
 ...
 [0.2659438 ]
 [0.2659438 ]
 [0.2659438 ]], shape=(1700, 1), dtype=float32)"
17,20,3,30,0.7,10,35,"tf.Tensor(
[[0.04176523]
 [0.04176523]
 [0.04176523]
 ...
 [9.969412  ]
 [9.969412  ]
 [9.969412  ]], shape=(1700, 1), dtype=float32)","tf.Tensor(
[[0.11047629]
 [0.11047629]
 [0.11047629]
 ...
 [0.22307175]
 [0.22307175]
 [0.22307175]], shape=(1700, 1), dtype=float32)"
18,20,3,50,0.5,50,10,"tf.Tensor(
[[-4.0145396e-04]
 [-4.0145396e-04]
 [-4.0145396e-04]
 ...
 [ 9.7530184e+00]
 [ 9.7530184e+00]
 [ 9.7530184e+00]], shape=(1700, 1), dtype=float32)","tf.Tensor(
[[0.1480962]
 [0.1480962]
 [0.1480962]
 ...
 [0.4213444]
 [0.4213444]
 [0.4213444]], shape=(1700, 1), dtype=float32)"
19,20,3,50,0.5,25,10,"tf.Tensor(
[[0.01845181]
 [0.01845181]
 [0.01845181]
 ...
 [9.816677  ]
 [9.816677  ]
 [9.816677  ]], shape=(1700, 1), dtype=float32)","tf.Tensor(
[[0.12396194]
 [0.12396194]
 [0.12396194]
 ...
 [0.39223287]
 [0.39223287]
 [0.39223287]], shape=(1700, 1), dtype=float32)"
20,20,3,50,0.5,16,10,"tf.Tensor(
[[0.05568994]
 [0.05568994]
 [0.05568994]
 ...
 [9.726338  ]
 [9.726338  ]
 [9.726338  ]], shape=(1700, 1), dtype=float32)","tf.Tensor(
[[0.1295055]
 [0.1295055]
 [0.1295055]
 ...
 [0.4508347]
 [0.4508347]
 [0.4508347]], shape=(1700, 1), dtype=float32)"
21,20,3,50,0.5,50,20,"tf.Tensor(
[[0.03935432]
 [0.03935432]
 [0.03935432]
 ...
 [9.787959  ]
 [9.787959  ]
 [9.787959  ]], shape=(1700, 1), dtype=float32)","tf.Tensor(
[[0.13840242]
 [0.13840242]
 [0.13840242]
 ...
 [0.42900234]
 [0.42900234]
 [0.42900234]], shape=(1700, 1), dtype=float32)"
22,20,3,50,0.5,25,20,"tf.Tensor(
[[0.04686527]
 [0.04686527]
 [0.04686527]
 ...
 [9.697162  ]
 [9.697162  ]
 [9.697162  ]], shape=(1700, 1), dtype=float32)","tf.Tensor(
[[0.1278543 ]
 [0.1278543 ]
 [0.1278543 ]
 ...
 [0.43576878]
 [0.43576878]
 [0.43576878]], shape=(1700, 1), dtype=float32)"
23,20,3,50,0.5,16,20,"tf.Tensor(
[[0.06846497]
 [0.06846497]
 [0.06846497]
 ...
 [9.804861  ]
 [9.804861  ]
 [9.804861  ]], shape=(1700, 1), dtype=float32)","tf.Tensor(
[[0.12249251]
 [0.12249251]
 [0.12249251]
 ...
 [0.5029749 ]
 [0.5029749 ]
 [0.5029749 ]], shape=(1700, 1), dtype=float32)"
24,20,3,50,0.5,50,35,"tf.Tensor(
[[0.01508798]
 [0.01508798]
 [0.01508798]
 ...
 [9.647701  ]
 [9.647701  ]
 [9.647701  ]], shape=(1700, 1), dtype=float32)","tf.Tensor(
[[0.13257837]
 [0.13257837]
 [0.13257837]
 ...
 [0.51444024]
 [0.51444024]
 [0.51444024]], shape=(1700, 1), dtype=float32)"
25,20,3,50,0.5,25,35,"tf.Tensor(
[[0.0638997]
 [0.0638997]
 [0.0638997]
 ...
 [9.797089 ]
 [9.797089 ]
 [9.797089 ]], shape=(1700, 1), dtype=float32)","tf.Tensor(
[[0.11491836]
 [0.11491836]
 [0.11491836]
 ...
 [0.35447136]
 [0.35447136]
 [0.35447136]], shape=(1700, 1), dtype=float32)"
26,20,3,50,0.5,16,35,"tf.Tensor(
[[0.04011439]
 [0.04011439]
 [0.04011439]
 ...
 [9.742036  ]
 [9.742036  ]
 [9.742036  ]], shape=(1700, 1), dtype=float32)","tf.Tensor(
[[0.13405937]
 [0.13405937]
 [0.13405937]
 ...
 [0.48899087]
 [0.48899087]
 [0.48899087]], shape=(1700, 1), dtype=float32)"
27,20,3,50,0.7,50,10,"tf.Tensor(
[[0.02534716]
 [0.02534716]
 [0.02534716]
 ...
 [9.922485  ]
 [9.922485  ]
 [9.922485  ]], shape=(1700, 1), dtype=float32)","tf.Tensor(
[[0.10933207]
 [0.10933207]
 [0.10933207]
 ...
 [0.23896624]
 [0.23896624]
 [0.23896624]], shape=(1700, 1), dtype=float32)"
28,20,3,50,0.7,25,10,"tf.Tensor(
[[0.06112402]
 [0.06112402]
 [0.06112402]
 ...
 [9.908007  ]
 [9.908007  ]
 [9.908007  ]], shape=(1700, 1), dtype=float32)","tf.Tensor(
[[0.10304055]
 [0.10304055]
 [0.10304055]
 ...
 [0.3022609 ]
 [0.3022609 ]
 [0.3022609 ]], shape=(1700, 1), dtype=float32)"
29,20,3,50,0.7,16,10,"tf.Tensor(
[[0.03871663]
 [0.03871663]
 [0.03871663]
 ...
 [9.954327  ]
 [9.954327  ]
 [9.954327  ]], shape=(1700, 1), dtype=float32)","tf.Tensor(
[[0.12661396]
 [0.12661396]
 [0.12661396]
 ...
 [0.2641698 ]
 [0.2641698 ]
 [0.2641698 ]], shape=(1700, 1), dtype=float32)"
30,20,3,50,0.7,50,20,"tf.Tensor(
[[0.01616956]
 [0.01616956]
 [0.01616956]
 ...
 [9.984923  ]
 [9.984923  ]
 [9.984923  ]], shape=(1700, 1), dtype=float32)","tf.Tensor(
[[0.09880197]
 [0.09880197]
 [0.09880197]
 ...
 [0.29882234]
 [0.29882234]
 [0.29882234]], shape=(1700, 1), dtype=float32)"
31,20,3,50,0.7,25,20,"tf.Tensor(
[[0.05474492]
 [0.05474492]
 [0.05474492]
 ...
 [9.926681  ]
 [9.926681  ]
 [9.926681  ]], shape=(1700, 1), dtype=float32)","tf.Tensor(
[[0.11065293]
 [0.11065293]
 [0.11065293]
 ...
 [0.23155622]
 [0.23155622]
 [0.23155622]], shape=(1700, 1), dtype=float32)"
32,20,3,50,0.7,16,20,"tf.Tensor(
[[0.04674544]
 [0.04674544]
 [0.04674544]
 ...
 [9.959433  ]
 [9.959433  ]
 [9.959433  ]], shape=(1700, 1), dtype=float32)","tf.Tensor(
[[0.11272227]
 [0.11272227]
 [0.11272227]
 ...
 [0.31032795]
 [0.31032795]
 [0.31032795]], shape=(1700, 1), dtype=float32)"
33,20,3,50,0.7,50,35,"tf.Tensor(
[[0.02454834]
 [0.02454834]
 [0.02454834]
 ...
 [9.925938  ]
 [9.925938  ]
 [9.925938  ]], shape=(1700, 1), dtype=float32)","tf.Tensor(
[[0.1059582 ]
 [0.1059582 ]
 [0.1059582 ]
 ...
 [0.27670386]
 [0.27670386]
 [0.27670386]], shape=(1700, 1), dtype=float32)"
34,20,3,50,0.7,25,35,"tf.Tensor(
[[0.0333204]
 [0.0333204]
 [0.0333204]
 ...
 [9.92611  ]
 [9.92611  ]
 [9.92611  ]], shape=(1700, 1), dtype=float32)","tf.Tensor(
[[0.11062948]
 [0.11062948]
 [0.11062948]
 ...
 [0.23732206]
 [0.23732206]
 [0.23732206]], shape=(1700, 1), dtype=float32)"
35,20,3,50,0.7,16,35,"tf.Tensor(
[[0.04289803]
 [0.04289803]
 [0.04289803]
 ...
 [9.930171  ]
 [9.930171  ]
 [9.930171  ]], shape=(1700, 1), dtype=float32)","tf.Tensor(
[[0.10952707]
 [0.10952707]
 [0.10952707]
 ...
 [0.23563793]
 [0.23563793]
 [0.23563793]], shape=(1700, 1), dtype=float32)"
36,20,3,80,0.5,80,10,"tf.Tensor(
[[4.6971436e-03]
 [4.6971436e-03]
 [4.6971436e-03]
 ...
 [9.7276192e+00]
 [9.7276192e+00]
 [9.7276192e+00]], shape=(1700, 1), dtype=float32)","tf.Tensor(
[[0.13852695]
 [0.13852695]
 [0.13852695]
 ...
 [0.44408315]
 [0.44408315]
 [0.44408315]], shape=(1700, 1), dtype=float32)"
37,20,3,80,0.5,40,10,"tf.Tensor(
[[0.01675502]
 [0.01675502]
 [0.01675502]
 ...
 [9.785923  ]
 [9.785923  ]
 [9.785923  ]], shape=(1700, 1), dtype=float32)","tf.Tensor(
[[0.14944799]
 [0.14944799]
 [0.14944799]
 ...
 [0.4692281 ]
 [0.4692281 ]
 [0.4692281 ]], shape=(1700, 1), dtype=float32)"
38,20,3,80,0.5,26,10,"tf.Tensor(
[[0.01012358]
 [0.01012358]
 [0.01012358]
 ...
 [9.748496  ]
 [9.748496  ]
 [9.748496  ]], shape=(1700, 1), dtype=float32)","tf.Tensor(
[[0.1357512 ]
 [0.1357512 ]
 [0.1357512 ]
 ...
 [0.50418127]
 [0.50418127]
 [0.50418127]], shape=(1700, 1), dtype=float32)"
39,20,3,80,0.5,80,20,"tf.Tensor(
[[1.0641532e-03]
 [1.0641532e-03]
 [1.0641532e-03]
 ...
 [9.7725096e+00]
 [9.7725096e+00]
 [9.7725096e+00]], shape=(1700, 1), dtype=float32)","tf.Tensor(
[[0.13301471]
 [0.13301471]
 [0.13301471]
 ...
 [0.41136083]
 [0.41136083]
 [0.41136083]], shape=(1700, 1), dtype=float32)"
40,20,3,80,0.5,40,20,"tf.Tensor(
[[0.01211676]
 [0.01211676]
 [0.01211676]
 ...
 [9.779657  ]
 [9.779657  ]
 [9.779657  ]], shape=(1700, 1), dtype=float32)","tf.Tensor(
[[0.13217281]
 [0.13217281]
 [0.13217281]
 ...
 [0.4911486 ]
 [0.4911486 ]
 [0.4911486 ]], shape=(1700, 1), dtype=float32)"
41,20,3,80,0.5,26,20,"tf.Tensor(
[[0.03480914]
 [0.03480914]
 [0.03480914]
 ...
 [9.763074  ]
 [9.763074  ]
 [9.763074  ]], shape=(1700, 1), dtype=float32)","tf.Tensor(
[[0.11124481]
 [0.11124481]
 [0.11124481]
 ...
 [0.43246353]
 [0.43246353]
 [0.43246353]], shape=(1700, 1), dtype=float32)"
42,20,3,80,0.5,80,35,"tf.Tensor(
[[0.02838674]
 [0.02838674]
 [0.02838674]
 ...
 [9.781865  ]
 [9.781865  ]
 [9.781865  ]], shape=(1700, 1), dtype=float32)","tf.Tensor(
[[0.14475857]
 [0.14475857]
 [0.14475857]
 ...
 [0.4261478 ]
 [0.4261478 ]
 [0.4261478 ]], shape=(1700, 1), dtype=float32)"
43,20,3,80,0.5,40,35,"tf.Tensor(
[[0.02273268]
 [0.02273268]
 [0.02273268]
 ...
 [9.798006  ]
 [9.798006  ]
 [9.798006  ]], shape=(1700, 1), dtype=float32)","tf.Tensor(
[[0.11823125]
 [0.11823125]
 [0.11823125]
 ...
 [0.40265617]
 [0.40265617]
 [0.40265617]], shape=(1700, 1), dtype=float32)"
44,20,3,80,0.5,26,35,"tf.Tensor(
[[0.0324384]
 [0.0324384]
 [0.0324384]
 ...
 [9.721129 ]
 [9.721129 ]
 [9.721129 ]], shape=(1700, 1), dtype=float32)","tf.Tensor(
[[0.13806744]
 [0.13806744]
 [0.13806744]
 ...
 [0.41428986]
 [0.41428986]
 [0.41428986]], shape=(1700, 1), dtype=float32)"
45,20,3,80,0.7,80,10,"tf.Tensor(
[[5.6295795e-03]
 [5.6295795e-03]
 [5.6295795e-03]
 ...
 [9.9333897e+00]
 [9.9333897e+00]
 [9.9333897e+00]], shape=(1700, 1), dtype=float32)","tf.Tensor(
[[0.10539644]
 [0.10539644]
 [0.10539644]
 ...
 [0.23516801]
 [0.23516801]
 [0.23516801]], shape=(1700, 1), dtype=float32)"
46,20,3,80,0.7,40,10,"tf.Tensor(
[[0.04021677]
 [0.04021677]
 [0.04021677]
 ...
 [9.977088  ]
 [9.977088  ]
 [9.977088  ]], shape=(1700, 1), dtype=float32)","tf.Tensor(
[[0.10505632]
 [0.10505632]
 [0.10505632]
 ...
 [0.23108995]
 [0.23108995]
 [0.23108995]], shape=(1700, 1), dtype=float32)"
47,20,3,80,0.7,26,10,"tf.Tensor(
[[0.04622371]
 [0.04622371]
 [0.04622371]
 ...
 [9.936973  ]
 [9.936973  ]
 [9.936973  ]], shape=(1700, 1), dtype=float32)","tf.Tensor(
[[0.10644086]
 [0.10644086]
 [0.10644086]
 ...
 [0.24385956]
 [0.24385956]
 [0.24385956]], shape=(1700, 1), dtype=float32)"
48,20,3,80,0.7,80,20,"tf.Tensor(
[[0.0402145]
 [0.0402145]
 [0.0402145]
 ...
 [9.936231 ]
 [9.936231 ]
 [9.936231 ]], shape=(1700, 1), dtype=float32)","tf.Tensor(
[[0.110217  ]
 [0.110217  ]
 [0.110217  ]
 ...
 [0.28091732]
 [0.28091732]
 [0.28091732]], shape=(1700, 1), dtype=float32)"
49,20,3,80,0.7,40,20,"tf.Tensor(
[[ 0.066853]
 [ 0.066853]
 [ 0.066853]
 ...
 [10.02403 ]
 [10.02403 ]
 [10.02403 ]], shape=(1700, 1), dtype=float32)","tf.Tensor(
[[0.10848146]
 [0.10848146]
 [0.10848146]
 ...
 [0.21165328]
 [0.21165328]
 [0.21165328]], shape=(1700, 1), dtype=float32)"
50,20,3,80,0.7,26,20,"tf.Tensor(
[[0.03137157]
 [0.03137157]
 [0.03137157]
 ...
 [9.92473   ]
 [9.92473   ]
 [9.92473   ]], shape=(1700, 1), dtype=float32)","tf.Tensor(
[[0.11286882]
 [0.11286882]
 [0.11286882]
 ...
 [0.23269776]
 [0.23269776]
 [0.23269776]], shape=(1700, 1), dtype=float32)"
51,20,3,80,0.7,80,35,"tf.Tensor(
[[0.06263047]
 [0.06263047]
 [0.06263047]
 ...
 [9.945971  ]
 [9.945971  ]
 [9.945971  ]], shape=(1700, 1), dtype=float32)","tf.Tensor(
[[0.09372938]
 [0.09372938]
 [0.09372938]
 ...
 [0.21641777]
 [0.21641777]
 [0.21641777]], shape=(1700, 1), dtype=float32)"
52,20,3,80,0.7,40,35,"tf.Tensor(
[[0.03953885]
 [0.03953885]
 [0.03953885]
 ...
 [9.953297  ]
 [9.953297  ]
 [9.953297  ]], shape=(1700, 1), dtype=float32)","tf.Tensor(
[[0.11743037]
 [0.11743037]
 [0.11743037]
 ...
 [0.2481275 ]
 [0.2481275 ]
 [0.2481275 ]], shape=(1700, 1), dtype=float32)"
53,20,3,80,0.7,26,35,"tf.Tensor(
[[0.02741212]
 [0.02741212]
 [0.02741212]
 ...
 [9.96883   ]
 [9.96883   ]
 [9.96883   ]], shape=(1700, 1), dtype=float32)","tf.Tensor(
[[0.12539685]
 [0.12539685]
 [0.12539685]
 ...
 [0.22307283]
 [0.22307283]
 [0.22307283]], shape=(1700, 1), dtype=float32)"
54,20,5,30,0.5,30,10,"tf.Tensor(
[[-0.6714428]
 [-0.6714428]
 [-0.6714428]
 ...
 [ 8.953858 ]
 [ 8.953858 ]
 [ 8.953858 ]], shape=(1700, 1), dtype=float32)","tf.Tensor(
[[0.11827227]
 [0.11827227]
 [0.11827227]
 ...
 [1.2589794 ]
 [1.2589794 ]
 [1.2589794 ]], shape=(1700, 1), dtype=float32)"
55,20,5,30,0.5,15,10,"tf.Tensor(
[[-0.7096077]
 [-0.7096077]
 [-0.7096077]
 ...
 [ 8.755432 ]
 [ 8.755432 ]
 [ 8.755432 ]], shape=(1700, 1), dtype=float32)","tf.Tensor(
[[0.14968768]
 [0.14968768]
 [0.14968768]
 ...
 [1.1331172 ]
 [1.1331172 ]
 [1.1331172 ]], shape=(1700, 1), dtype=float32)"
56,20,5,30,0.5,10,10,"tf.Tensor(
[[-0.7492032]
 [-0.7492032]
 [-0.7492032]
 ...
 [ 8.809832 ]
 [ 8.809832 ]
 [ 8.809832 ]], shape=(1700, 1), dtype=float32)","tf.Tensor(
[[0.13470405]
 [0.13470405]
 [0.13470405]
 ...
 [0.90121347]
 [0.90121347]
 [0.90121347]], shape=(1700, 1), dtype=float32)"
57,20,5,30,0.5,30,20,"tf.Tensor(
[[-0.6904032]
 [-0.6904032]
 [-0.6904032]
 ...
 [ 8.727864 ]
 [ 8.727864 ]
 [ 8.727864 ]], shape=(1700, 1), dtype=float32)","tf.Tensor(
[[0.1428379 ]
 [0.1428379 ]
 [0.1428379 ]
 ...
 [0.88399166]
 [0.88399166]
 [0.88399166]], shape=(1700, 1), dtype=float32)"
58,20,5,30,0.5,15,20,"tf.Tensor(
[[-0.69104636]
 [-0.69104636]
 [-0.69104636]
 ...
 [ 8.881878  ]
 [ 8.881878  ]
 [ 8.881878  ]], shape=(1700, 1), dtype=float32)","tf.Tensor(
[[0.13404323]
 [0.13404323]
 [0.13404323]
 ...
 [0.8966822 ]
 [0.8966822 ]
 [0.8966822 ]], shape=(1700, 1), dtype=float32)"
59,20,5,30,0.5,10,20,"tf.Tensor(
[[-0.6750848]
 [-0.6750848]
 [-0.6750848]
 ...
 [ 8.510035 ]
 [ 8.510035 ]
 [ 8.510035 ]], shape=(1700, 1), dtype=float32)","tf.Tensor(
[[0.1499684 ]
 [0.1499684 ]
 [0.1499684 ]
 ...
 [0.75271755]
 [0.75271755]
 [0.75271755]], shape=(1700, 1), dtype=float32)"
60,20,5,30,0.5,30,35,"tf.Tensor(
[[-0.74267447]
 [-0.74267447]
 [-0.74267447]
 ...
 [ 8.630186  ]
 [ 8.630186  ]
 [ 8.630186  ]], shape=(1700, 1), dtype=float32)","tf.Tensor(
[[0.10331588]
 [0.10331588]
 [0.10331588]
 ...
 [1.0163465 ]
 [1.0163465 ]
 [1.0163465 ]], shape=(1700, 1), dtype=float32)"
61,20,5,30,0.5,15,35,"tf.Tensor(
[[-0.7212193]
 [-0.7212193]
 [-0.7212193]
 ...
 [ 8.594485 ]
 [ 8.594485 ]
 [ 8.594485 ]], shape=(1700, 1), dtype=float32)","tf.Tensor(
[[0.13836825]
 [0.13836825]
 [0.13836825]
 ...
 [0.9078294 ]
 [0.9078294 ]
 [0.9078294 ]], shape=(1700, 1), dtype=float32)"
62,20,5,30,0.5,10,35,"tf.Tensor(
[[-0.74643356]
 [-0.74643356]
 [-0.74643356]
 ...
 [ 9.084257  ]
 [ 9.084257  ]
 [ 9.084257  ]], shape=(1700, 1), dtype=float32)","tf.Tensor(
[[0.15028052]
 [0.15028052]
 [0.15028052]
 ...
 [1.1888692 ]
 [1.1888692 ]
 [1.1888692 ]], shape=(1700, 1), dtype=float32)"
63,20,5,30,0.7,30,10,"tf.Tensor(
[[-0.75998634]
 [-0.75998634]
 [-0.75998634]
 ...
 [ 8.222223  ]
 [ 8.222223  ]
 [ 8.222223  ]], shape=(1700, 1), dtype=float32)","tf.Tensor(
[[0.09101555]
 [0.09101555]
 [0.09101555]
 ...
 [0.9657628 ]
 [0.9657628 ]
 [0.9657628 ]], shape=(1700, 1), dtype=float32)"
64,20,5,30,0.7,15,10,"tf.Tensor(
[[-0.81383634]
 [-0.81383634]
 [-0.81383634]
 ...
 [ 8.088162  ]
 [ 8.088162  ]
 [ 8.088162  ]], shape=(1700, 1), dtype=float32)","tf.Tensor(
[[0.13310504]
 [0.13310504]
 [0.13310504]
 ...
 [0.8350066 ]
 [0.8350066 ]
 [0.8350066 ]], shape=(1700, 1), dtype=float32)"
65,20,5,30,0.7,10,10,"tf.Tensor(
[[-0.7642327]
 [-0.7642327]
 [-0.7642327]
 ...
 [ 8.493082 ]
 [ 8.493082 ]
 [ 8.493082 ]], shape=(1700, 1), dtype=float32)","tf.Tensor(
[[0.07483756]
 [0.07483756]
 [0.07483756]
 ...
 [1.2186527 ]
 [1.2186527 ]
 [1.2186527 ]], shape=(1700, 1), dtype=float32)"
66,20,5,30,0.7,30,20,"tf.Tensor(
[[-0.7961581]
 [-0.7961581]
 [-0.7961581]
 ...
 [ 8.3079605]
 [ 8.3079605]
 [ 8.3079605]], shape=(1700, 1), dtype=float32)","tf.Tensor(
[[0.10459028]
 [0.10459028]
 [0.10459028]
 ...
 [0.9802097 ]
 [0.9802097 ]
 [0.9802097 ]], shape=(1700, 1), dtype=float32)"
67,20,5,30,0.7,15,20,"tf.Tensor(
[[-0.7777186]
 [-0.7777186]
 [-0.7777186]
 ...
 [ 8.203055 ]
 [ 8.203055 ]
 [ 8.203055 ]], shape=(1700, 1), dtype=float32)","tf.Tensor(
[[0.11775105]
 [0.11775105]
 [0.11775105]
 ...
 [1.107622  ]
 [1.107622  ]
 [1.107622  ]], shape=(1700, 1), dtype=float32)"
68,20,5,30,0.7,10,20,"tf.Tensor(
[[-0.7727451]
 [-0.7727451]
 [-0.7727451]
 ...
 [ 8.155164 ]
 [ 8.155164 ]
 [ 8.155164 ]], shape=(1700, 1), dtype=float32)","tf.Tensor(
[[0.11943232]
 [0.11943232]
 [0.11943232]
 ...
 [0.8163957 ]
 [0.8163957 ]
 [0.8163957 ]], shape=(1700, 1), dtype=float32)"
69,20,5,30,0.7,30,35,"tf.Tensor(
[[-0.78968114]
 [-0.78968114]
 [-0.78968114]
 ...
 [ 8.27517   ]
 [ 8.27517   ]
 [ 8.27517   ]], shape=(1700, 1), dtype=float32)","tf.Tensor(
[[0.10197146]
 [0.10197146]
 [0.10197146]
 ...
 [0.8754744 ]
 [0.8754744 ]
 [0.8754744 ]], shape=(1700, 1), dtype=float32)"
70,20,5,30,0.7,15,35,"tf.Tensor(
[[-0.80977315]
 [-0.80977315]
 [-0.80977315]
 ...
 [ 8.3659    ]
 [ 8.3659    ]
 [ 8.3659    ]], shape=(1700, 1), dtype=float32)","tf.Tensor(
[[0.10117658]
 [0.10117658]
 [0.10117658]
 ...
 [0.8730548 ]
 [0.8730548 ]
 [0.8730548 ]], shape=(1700, 1), dtype=float32)"
71,20,5,30,0.7,10,35,"tf.Tensor(
[[-0.82627094]
 [-0.82627094]
 [-0.82627094]
 ...
 [ 8.311577  ]
 [ 8.311577  ]
 [ 8.311577  ]], shape=(1700, 1), dtype=float32)","tf.Tensor(
[[0.11580873]
 [0.11580873]
 [0.11580873]
 ...
 [0.8938817 ]
 [0.8938817 ]
 [0.8938817 ]], shape=(1700, 1), dtype=float32)"
72,20,5,50,0.5,50,10,"tf.Tensor(
[[-0.7259223]
 [-0.7259223]
 [-0.7259223]
 ...
 [ 8.902301 ]
 [ 8.902301 ]
 [ 8.902301 ]], shape=(1700, 1), dtype=float32)","tf.Tensor(
[[0.13185781]
 [0.13185781]
 [0.13185781]
 ...
 [1.0506196 ]
 [1.0506196 ]
 [1.0506196 ]], shape=(1700, 1), dtype=float32)"
73,20,5,50,0.5,25,10,"tf.Tensor(
[[-0.7429769]
 [-0.7429769]
 [-0.7429769]
 ...
 [ 8.704695 ]
 [ 8.704695 ]
 [ 8.704695 ]], shape=(1700, 1), dtype=float32)","tf.Tensor(
[[0.16028897]
 [0.16028897]
 [0.16028897]
 ...
 [0.9524488 ]
 [0.9524488 ]
 [0.9524488 ]], shape=(1700, 1), dtype=float32)"
74,20,5,50,0.5,16,10,"tf.Tensor(
[[-0.69148594]
 [-0.69148594]
 [-0.69148594]
 ...
 [ 8.656524  ]
 [ 8.656524  ]
 [ 8.656524  ]], shape=(1700, 1), dtype=float32)","tf.Tensor(
[[0.11394877]
 [0.11394877]
 [0.11394877]
 ...
 [0.96783966]
 [0.96783966]
 [0.96783966]], shape=(1700, 1), dtype=float32)"
75,20,5,50,0.5,50,20,"tf.Tensor(
[[-0.6978789]
 [-0.6978789]
 [-0.6978789]
 ...
 [ 8.602252 ]
 [ 8.602252 ]
 [ 8.602252 ]], shape=(1700, 1), dtype=float32)","tf.Tensor(
[[0.1312756]
 [0.1312756]
 [0.1312756]
 ...
 [1.0970134]
 [1.0970134]
 [1.0970134]], shape=(1700, 1), dtype=float32)"
76,20,5,50,0.5,25,20,"tf.Tensor(
[[-0.7295476]
 [-0.7295476]
 [-0.7295476]
 ...
 [ 9.0671   ]
 [ 9.0671   ]
 [ 9.0671   ]], shape=(1700, 1), dtype=float32)","tf.Tensor(
[[0.13428299]
 [0.13428299]
 [0.13428299]
 ...
 [0.91706705]
 [0.91706705]
 [0.91706705]], shape=(1700, 1), dtype=float32)"
77,20,5,50,0.5,16,20,"tf.Tensor(
[[-0.7356216]
 [-0.7356216]
 [-0.7356216]
 ...
 [ 8.782213 ]
 [ 8.782213 ]
 [ 8.782213 ]], shape=(1700, 1), dtype=float32)","tf.Tensor(
[[0.1256194 ]
 [0.1256194 ]
 [0.1256194 ]
 ...
 [0.88288254]
 [0.88288254]
 [0.88288254]], shape=(1700, 1), dtype=float32)"
78,20,5,50,0.5,50,35,"tf.Tensor(
[[-0.7396315]
 [-0.7396315]
 [-0.7396315]
 ...
 [ 8.805148 ]
 [ 8.805148 ]
 [ 8.805148 ]], shape=(1700, 1), dtype=float32)","tf.Tensor(
[[0.119889 ]
 [0.119889 ]
 [0.119889 ]
 ...
 [1.0197482]
 [1.0197482]
 [1.0197482]], shape=(1700, 1), dtype=float32)"
79,20,5,50,0.5,25,35,"tf.Tensor(
[[-0.71103364]
 [-0.71103364]
 [-0.71103364]
 ...
 [ 8.436922  ]
 [ 8.436922  ]
 [ 8.436922  ]], shape=(1700, 1), dtype=float32)","tf.Tensor(
[[0.13337553]
 [0.13337553]
 [0.13337553]
 ...
 [1.0257974 ]
 [1.0257974 ]
 [1.0257974 ]], shape=(1700, 1), dtype=float32)"
80,20,5,50,0.5,16,35,"tf.Tensor(
[[-0.72142506]
 [-0.72142506]
 [-0.72142506]
 ...
 [ 8.689667  ]
 [ 8.689667  ]
 [ 8.689667  ]], shape=(1700, 1), dtype=float32)","tf.Tensor(
[[0.13173755]
 [0.13173755]
 [0.13173755]
 ...
 [1.13868   ]
 [1.13868   ]
 [1.13868   ]], shape=(1700, 1), dtype=float32)"
81,20,5,50,0.7,50,10,"tf.Tensor(
[[-0.792945]
 [-0.792945]
 [-0.792945]
 ...
 [ 8.28621 ]
 [ 8.28621 ]
 [ 8.28621 ]], shape=(1700, 1), dtype=float32)","tf.Tensor(
[[0.10148951]
 [0.10148951]
 [0.10148951]
 ...
 [0.8820845 ]
 [0.8820845 ]
 [0.8820845 ]], shape=(1700, 1), dtype=float32)"
82,20,5,50,0.7,25,10,"tf.Tensor(
[[-0.76790476]
 [-0.76790476]
 [-0.76790476]
 ...
 [ 8.34828   ]
 [ 8.34828   ]
 [ 8.34828   ]], shape=(1700, 1), dtype=float32)","tf.Tensor(
[[0.0972688]
 [0.0972688]
 [0.0972688]
 ...
 [1.0562555]
 [1.0562555]
 [1.0562555]], shape=(1700, 1), dtype=float32)"
83,20,5,50,0.7,16,10,"tf.Tensor(
[[-0.77482444]
 [-0.77482444]
 [-0.77482444]
 ...
 [ 8.08138   ]
 [ 8.08138   ]
 [ 8.08138   ]], shape=(1700, 1), dtype=float32)","tf.Tensor(
[[0.09361882]
 [0.09361882]
 [0.09361882]
 ...
 [0.98233783]
 [0.98233783]
 [0.98233783]], shape=(1700, 1), dtype=float32)"
84,20,5,50,0.7,50,20,"tf.Tensor(
[[-0.82084996]
 [-0.82084996]
 [-0.82084996]
 ...
 [ 8.337839  ]
 [ 8.337839  ]
 [ 8.337839  ]], shape=(1700, 1), dtype=float32)","tf.Tensor(
[[0.08927405]
 [0.08927405]
 [0.08927405]
 ...
 [1.0254526 ]
 [1.0254526 ]
 [1.0254526 ]], shape=(1700, 1), dtype=float32)"
85,20,5,50,0.7,25,20,"tf.Tensor(
[[-0.8067717]
 [-0.8067717]
 [-0.8067717]
 ...
 [ 8.310255 ]
 [ 8.310255 ]
 [ 8.310255 ]], shape=(1700, 1), dtype=float32)","tf.Tensor(
[[0.12414128]
 [0.12414128]
 [0.12414128]
 ...
 [0.8723484 ]
 [0.8723484 ]
 [0.8723484 ]], shape=(1700, 1), dtype=float32)"
86,20,5,50,0.7,16,20,"tf.Tensor(
[[-0.78687775]
 [-0.78687775]
 [-0.78687775]
 ...
 [ 8.377444  ]
 [ 8.377444  ]
 [ 8.377444  ]], shape=(1700, 1), dtype=float32)","tf.Tensor(
[[0.100316 ]
 [0.100316 ]
 [0.100316 ]
 ...
 [0.9143177]
 [0.9143177]
 [0.9143177]], shape=(1700, 1), dtype=float32)"
87,20,5,50,0.7,50,35,"tf.Tensor(
[[-0.8062736]
 [-0.8062736]
 [-0.8062736]
 ...
 [ 8.2933235]
 [ 8.2933235]
 [ 8.2933235]], shape=(1700, 1), dtype=float32)","tf.Tensor(
[[0.08674137]
 [0.08674137]
 [0.08674137]
 ...
 [0.9503642 ]
 [0.9503642 ]
 [0.9503642 ]], shape=(1700, 1), dtype=float32)"
88,20,5,50,0.7,25,35,"tf.Tensor(
[[-0.7895171]
 [-0.7895171]
 [-0.7895171]
 ...
 [ 8.300512 ]
 [ 8.300512 ]
 [ 8.300512 ]], shape=(1700, 1), dtype=float32)","tf.Tensor(
[[0.12905261]
 [0.12905261]
 [0.12905261]
 ...
 [0.83057976]
 [0.83057976]
 [0.83057976]], shape=(1700, 1), dtype=float32)"
89,20,5,50,0.7,16,35,"tf.Tensor(
[[-0.8212145]
 [-0.8212145]
 [-0.8212145]
 ...
 [ 8.009323 ]
 [ 8.009323 ]
 [ 8.009323 ]], shape=(1700, 1), dtype=float32)","tf.Tensor(
[[0.09900365]
 [0.09900365]
 [0.09900365]
 ...
 [0.8424997 ]
 [0.8424997 ]
 [0.8424997 ]], shape=(1700, 1), dtype=float32)"
90,20,5,80,0.5,80,10,"tf.Tensor(
[[-0.7438411]
 [-0.7438411]
 [-0.7438411]
 ...
 [ 8.767865 ]
 [ 8.767865 ]
 [ 8.767865 ]], shape=(1700, 1), dtype=float32)","tf.Tensor(
[[0.13710697]
 [0.13710697]
 [0.13710697]
 ...
 [0.9436021 ]
 [0.9436021 ]
 [0.9436021 ]], shape=(1700, 1), dtype=float32)"
91,20,5,80,0.5,40,10,"tf.Tensor(
[[-0.7161354]
 [-0.7161354]
 [-0.7161354]
 ...
 [ 8.7684145]
 [ 8.7684145]
 [ 8.7684145]], shape=(1700, 1), dtype=float32)","tf.Tensor(
[[0.15592685]
 [0.15592685]
 [0.15592685]
 ...
 [1.08349   ]
 [1.08349   ]
 [1.08349   ]], shape=(1700, 1), dtype=float32)"
92,20,5,80,0.5,26,10,"tf.Tensor(
[[-0.7230702]
 [-0.7230702]
 [-0.7230702]
 ...
 [ 8.699264 ]
 [ 8.699264 ]
 [ 8.699264 ]], shape=(1700, 1), dtype=float32)","tf.Tensor(
[[0.15346728]
 [0.15346728]
 [0.15346728]
 ...
 [1.1801224 ]
 [1.1801224 ]
 [1.1801224 ]], shape=(1700, 1), dtype=float32)"
93,20,5,80,0.5,80,20,"tf.Tensor(
[[-0.73089963]
 [-0.73089963]
 [-0.73089963]
 ...
 [ 8.786755  ]
 [ 8.786755  ]
 [ 8.786755  ]], shape=(1700, 1), dtype=float32)","tf.Tensor(
[[0.12712543]
 [0.12712543]
 [0.12712543]
 ...
 [0.93642515]
 [0.93642515]
 [0.93642515]], shape=(1700, 1), dtype=float32)"
94,20,5,80,0.5,40,20,"tf.Tensor(
[[-0.7062127]
 [-0.7062127]
 [-0.7062127]
 ...
 [ 8.665618 ]
 [ 8.665618 ]
 [ 8.665618 ]], shape=(1700, 1), dtype=float32)","tf.Tensor(
[[0.13767242]
 [0.13767242]
 [0.13767242]
 ...
 [0.9688208 ]
 [0.9688208 ]
 [0.9688208 ]], shape=(1700, 1), dtype=float32)"
95,20,5,80,0.5,26,20,"tf.Tensor(
[[-0.7265317]
 [-0.7265317]
 [-0.7265317]
 ...
 [ 8.542994 ]
 [ 8.542994 ]
 [ 8.542994 ]], shape=(1700, 1), dtype=float32)","tf.Tensor(
[[0.14470656]
 [0.14470656]
 [0.14470656]
 ...
 [1.1205857 ]
 [1.1205857 ]
 [1.1205857 ]], shape=(1700, 1), dtype=float32)"
96,20,5,80,0.5,80,35,"tf.Tensor(
[[-0.7153094]
 [-0.7153094]
 [-0.7153094]
 ...
 [ 8.614687 ]
 [ 8.614687 ]
 [ 8.614687 ]], shape=(1700, 1), dtype=float32)","tf.Tensor(
[[0.14400715]
 [0.14400715]
 [0.14400715]
 ...
 [1.1296104 ]
 [1.1296104 ]
 [1.1296104 ]], shape=(1700, 1), dtype=float32)"
97,20,5,80,0.5,40,35,"tf.Tensor(
[[-0.7237803]
 [-0.7237803]
 [-0.7237803]
 ...
 [ 8.657759 ]
 [ 8.657759 ]
 [ 8.657759 ]], shape=(1700, 1), dtype=float32)","tf.Tensor(
[[0.13547932]
 [0.13547932]
 [0.13547932]
 ...
 [1.0595394 ]
 [1.0595394 ]
 [1.0595394 ]], shape=(1700, 1), dtype=float32)"
98,20,5,80,0.5,26,35,"tf.Tensor(
[[-0.6960253]
 [-0.6960253]
 [-0.6960253]
 ...
 [ 8.768566 ]
 [ 8.768566 ]
 [ 8.768566 ]], shape=(1700, 1), dtype=float32)","tf.Tensor(
[[0.13546777]
 [0.13546777]
 [0.13546777]
 ...
 [0.98307186]
 [0.98307186]
 [0.98307186]], shape=(1700, 1), dtype=float32)"
99,20,5,80,0.7,80,10,"tf.Tensor(
[[-0.79759955]
 [-0.79759955]
 [-0.79759955]
 ...
 [ 8.310452  ]
 [ 8.310452  ]
 [ 8.310452  ]], shape=(1700, 1), dtype=float32)","tf.Tensor(
[[0.10949323]
 [0.10949323]
 [0.10949323]
 ...
 [0.99647176]
 [0.99647176]
 [0.99647176]], shape=(1700, 1), dtype=float32)"
100,20,5,80,0.7,40,10,"tf.Tensor(
[[-0.8127401]
 [-0.8127401]
 [-0.8127401]
 ...
 [ 8.2534275]
 [ 8.2534275]
 [ 8.2534275]], shape=(1700, 1), dtype=float32)","tf.Tensor(
[[0.10888394]
 [0.10888394]
 [0.10888394]
 ...
 [0.9218839 ]
 [0.9218839 ]
 [0.9218839 ]], shape=(1700, 1), dtype=float32)"
101,20,5,80,0.7,26,10,"tf.Tensor(
[[-0.785124]
 [-0.785124]
 [-0.785124]
 ...
 [ 8.292591]
 [ 8.292591]
 [ 8.292591]], shape=(1700, 1), dtype=float32)","tf.Tensor(
[[0.10392199]
 [0.10392199]
 [0.10392199]
 ...
 [0.9298723 ]
 [0.9298723 ]
 [0.9298723 ]], shape=(1700, 1), dtype=float32)"
102,20,5,80,0.7,80,20,"tf.Tensor(
[[-0.80523247]
 [-0.80523247]
 [-0.80523247]
 ...
 [ 8.161625  ]
 [ 8.161625  ]
 [ 8.161625  ]], shape=(1700, 1), dtype=float32)","tf.Tensor(
[[0.11475431]
 [0.11475431]
 [0.11475431]
 ...
 [0.83048296]
 [0.83048296]
 [0.83048296]], shape=(1700, 1), dtype=float32)"
